,Day,Date,Competition,Opposition,Ven,HT,FT,FT,Res,Scorers,Referee,Attendance,Ground,LPT,LPO,TP,TR,OP,OR,Captain,Opp Manager,,2005-2006,,,,,,,,,,,,,,,,,,,1,Sat,"Aug 13, 2005",Prem,Portsmouth,(a),1-0,2,0,W,"Griffin 45 og, Defoe 64",B Knight,"20,215",Fratton Park,n/a,,,,,,Robinson,Alain Perron2,Sat,"Aug 20, 2005",Prem,Middlesbrough,(h),0-0,2,0,W,"Defoe 49, Mido 75",M Atkinson,"35,844",White Hart Lane,n/a,,,,,,Robinson,Steve McClaren3,Wed,"Aug 24, 2005",Prem,Blackburn Rovers,(a),0-0,0,0,D,,D Gallagher,"22,375",Ewood Park,2,,,,,,Keane,Mark Hughes4,Sat,"Aug 27, 2005",Prem,Chelsea,(h),0-1,0,2,L,"(Del Horno 39, Duff 71)",R Styles,"36,077",White Hart Lane,6,,,,,,Robinson,Jose Mourinho5,Sat,"Sep 10, 2005",Prem,Liverpool,(h),0-0,0,0,D,,H Webb,"36,148",White Hart Lane,6,,,,,,King,Rafael Benitez6,Sat,"Sep 17, 2005",Prem,Aston Villa,(a),0-1,1,1,D,Keane 78 (Milner 4),S Bennett,"33,686",Villa Park,8,,,,,,King,David O'Leary7,Wed,"Sep 20, 2005",LC2,Grimsby Town,(a),0-0,0,1,L,(Kalala 89),G Laws,"8,206",Blundell Park,n/a,,,,,,King,Russell Slade8,Mon,"Sep 26, 2005",Prem,Fulham,(h),1-0,1,0,W,Defoe 8,A Wiley,"35,427",White Hart Lane,4,,,,,,King,Chris Coleman9,Sat,"Oct 1, 2005",Prem,Charlton Athletic,(a),0-1,3,2,W,"King 51, Mido 64, Keane 80, (Bent 25, 48)",P Dowd,"27,111",The Valley,3,,,,,,King,Alan Curbishley10,Sat,"Oct 15, 2005",Prem,Everton,(h),0-0,2,0,W,"Mido 58, Jenas 63",D Gallagher,"36,267",White Hart Lane,2,,,,,,King,David Moyes11,Sat,"Oct 22, 2005",Prem,Manchester United,(a),0-1,1,1,D,"Jenas 72, (Silvestre 7)",U Rennie,"67,856",Old Trafford,3,,,,,,King,Alex Ferguson12,Sat,"Oct 29, 2005",Prem,Arsenal,(h),1-0,1,1,D,"King 17, (Pires 77)",S Bennett,"36,154",White Hart Lane,3,,,,,,King,Arsene Wenger13,Mon,"Nov 7, 2005",Prem,Bolton Wanderers,(a),0-1,0,1,L,(Nolan 32),H Webb,"26,634",Reebok Stadium,6,,,,,,King,Sam Allardyce14,Sun,"Nov 20, 2005",Prem,West Ham United,(h),1-0,1,1,D,"Mido 16, (Ferdinand 90)",A Wiley,"36,154",White Hart Lane,6,,,,,,King,Alan Pardew15,Sat,"Nov 26, 2005",Prem,Wigan Athletic,(a),1-0,2,0,W,"Keane 8, Davids 77",M Riley,"22,611",JJB Stadium,5,,,,,,King,Paul Jewell16,Sat ,"Dec 3, 2005",Prem,Sunderland,(h),1-1,3,2,W,"Mido 37, Keane 51, Carrick 77, (Whitehead 16, Le Tallec 60)",P Walton,"36,244",White Hart Lane,4,,,,,,King,Mick McCarthy17,Mon,"Dec 12, 2005",Prem,Portsmouth,(h),0-1,3,1,W,"King 57, Mido 85p, Defoe 90, (LuaLua 24) ",U Rennie,"36,141",White Hart Lane,4,,,,,,King,Harry Redknapp18,Sun,"Dec 18, 2005",Prem,Middlesbrough,(a),1-2,3,3,D,"Keane 25, Jenas 63, Mido 83, (Yakubu 30, 43, Queudrue 69)",H Webb,"27,614",Riverside Stadium,4,,,,,,King,Steve McClaren19,Mon,"Dec 26, 2005",Prem,Birmingham City,(h),0-0,2,0,W,"Keane 58p, Defoe 90",P Dowd,"36,045",White Hart Lane,4,,,,,,"King (Keane 67, Robinson 73)",Steve Bruce20,Wed,"Dec 28, 2005",Prem,West Bromwich Albion,(a),0-1,0,2,L,"(Kanu 23, 52)",M Riley,"27,510",The Hawthorns,4,,,,,,Robinson,Bryan Robson21,Sat,"Dec 31, 2005",Prem,Newcastle United,(h),1-0,2,0,W,"Tainio 43, Mido 66",H Webb,"36,246",White Hart Lane,4,,,,,,Keane (Robinson 79),Graeme Souness22,Wed,"Jan 4, 2006",Prem,Manchester City,(a),1-0,2,0,W,"Mido 31, Keane 83",A Wiley,"40,808",City of Manchester Stadium,4,,,,,,Keane,Stuart Pearce23,Sun,"Jan 8, 2006",FAC3,Leicester City,(a),2-1,2,3,L,"Jenas 20, Stalteri 41, (Hammond 44, Hughes 57, de Vries 90)",S Bennett,"19,844",Walkers Stadium,n/a,,,,,,Keane,Craig Levein24,Sat,"Jan 14, 2006",Prem,Liverpool,(a),0-0,0,1,L,(Kewell 59),D Gallagher,"44,983",Anfield Stadium,4,,,,,,King,Rafael Benitez25,Sat,"Jan 21, 2006",Prem,Aston Villa,(h),0-0,0,0,D,,G Poll,"36,243",White Hart Lane,4,,,,,,King,David O'Leary26,Tue,"Jan 31, 2006",Prem,Fulham,(a),0-0,0,1,L,(Bocanegro 90),H Webb,"21,081",Craven Cottage,4,,,,,,King,Chris Coleman27,Sun,"Feb 5, 2006",Prem,Charlton Athletic,(h),2-0,3,1,W,"Defoe 14, 46, Jenas 41 (Thomas 70)",P Dowd,"36,034",White Hart Lane,4,,,,,,King,Alan Curbishley28,Sun,"Feb 12, 2006",Prem,Sunderland,(a),1-0,1,1,D,Keane 38 (Murphy 89),A Marriner,"34,700",Stadium of Light,4,,,,,,King,Mick McCarthy29,Sun,"Feb 19, 2006",Prem,Wigan Athletic,(h),1-1,2,2,D,"Mido 23, Defoe 68 (Johansson 10, 67)",U Rennie,"35,676",White Hart Lane,4,,,,,,King,Paul Jewell30,Sun,"Mar 5, 2006",Prem,Blackburn Rovers,(h),2-1,3,2,W,"Keane 9, 42, Mido 70 (Sinama Pongolle 44, Bellamy 67)",H Webb,"36,080",White Hart Lane,4,,,,,,King,Mark Hughes31,Sat,"Mar 11, 2006",Prem,Chelsea,(a),1-1,1,2,L,"Jenas 45 (Essien 14, Gallas 90)",G Poll,"42,243",Stamford Bridge,4,,,,,,King,Jose Mourinho32,Sat,"Mar 18, 2006",Prem,Birmingham City,(a),0-0,2,0,W,"Lennon 65, Keane 77",U Rennie,"26,398",St Andrews Stadium,4,,,,,,King,Steve Bruce33,Mon,"Mar 27, 2006",Prem,West Bromwich Albion,(h),0-1,2,1,W,"Keane 68, 89p (Davies 21)",C Foy,"36,152",White Hart Lane,4,,,,,,King,Bryan Robson34,Sat,"Apr 1, 2006",Prem,Newcastle United,(a),1-3,1,3,L,"Keane 19 (Bowyer 2, Ameobi 25, Shearer 30p)",M Dean,"52,301",St James' Park,4,,,,,,Keane,Glenn Roeder (c)35,Sat,"Apr 8, 2006",Prem,Manchester City,(h),1-0,2,1,W,"Stalteri 44, Carrick 49 (Samaras 52)",D Gallagher,"36,167",White Hart Lane,4,,,,,,King,Stuart Pearce36,Sat,"Apr 15, 2006",Prem,Everton,(a),1-0,1,0,W,Keane 33p,H Webb,"39,856",Goodison Park,4,,,,,,King,David Moyes37,Mon,"Apr 17, 2006",Prem,Manchester United,(h),0-2,1,2,L,"Jenas 53, (Rooney 8, 36)",M Halsey,"36,141",White Hart Lane,4,,,,,,Keane,Alex Ferguson38,Sat,"Apr 22, 2006",Prem,Arsenal,(a),0-0,1,1,D,Keane 66 (Henry 84),S Bennett,"38,326",Highbury,4,,,,,,Keane,Arsene Wenger39,Sun,"Apr 30, 2006",Prem,Bolton Wanderers,(h),0-0,1,0,W,Lennon 60,A Wiley,"36,179",White Hart Lane,4,,,,,,Keane (Robinson),Sam Allardyce40,Sun,"May 7, 2006",Prem,West Ham United,(a),1-1,1,2,L,"Defoe 35 (Fletcher 10, Benayoun 80)",C Foy,"34,970",Upton Park,5,,,,,,Keane,Alan Pardew,,,,,,,,,,,,,,,,,,,,,x,,2006-07,,,,,,,,,,,,,,,,,,,x1,Sat,"Aug 19, 2006",Prem,Bolton Wanderers,(a),0-2,0,2,L,"(Davies 9, Campo 13)",Phil Dowd,"22,899",Reebok Stadium,n/a,,0,,,0,Robinson,Sam Allardyce2,Tue,"Aug 22, 2006",Prem,Sheffield United,(h),2-0,2,0,W,"Berbatov 7, Jenas 17",Peter Walton,"35,287",White Hart Lane,n/a,,0,,,0,Keane (Robinson),Neil Warnock3,Sat,"Aug 26, 2006",Prem,Everton ,(h),0-0,0,2,L,"(Davenport 53og, Johnson 66)",Mark Halsey,"35,540",White Hart Lane,14,,0,,,1,Keane  ,David Moyes4,Sat,"Sep 9, 2006",Prem,Manchester United,(a),0-1,0,1,L,(Giggs 9),Mike Riley,"75,453",Old Trafford,15,,0,,,0,King (Robinson),Alex Ferguson5,Thu,"Sep 14, 2006",UEFA 1.1,Slavia Prague,(a),1-0,1,0,W,Jenas 37,H Piccirillo,"14,869",Stadion Evzena Rosickeho,n/a,,0,,,0,King  ,Karel Jarolim6,Sun,"Sep 17, 2006",Prem,Fulham,(h),0-0,0,0,D,,Mark Clattenburg,"36,131",White Hart Lane,16,,0,,,0,King,Chris Coleman7,Sat,"Sep 23, 2006",Prem,Liverpool,(a),0-0,0,3,L,"(Gonzalez 63, Kuyt 73, Riise 89)",Howard Webb,"44,330",Anfield,17,,0,,,0,King,Rafael Benitez8,Thu,"Sep 28, 2006",UEFA 1.2,Slavia Prague,(h),0-0,1,0,W,Keane 80,T Skjerven,"35,191",White Hart Lane,n/a,,0,,,0,Keane,Karel Jarolim9,Sun,"Oct 1, 2006",Prem,Portsmouth,(h),2-1,2,1,W,"Murphy 1, Defoe 35p (Kanu 40)",Chris Foy,"36,063",White Hart Lane,14,,1,,,0,King,Harry Redknapp10,Sat,"Oct 14, 2006",Prem,Aston Villa,(a),0-0,1,1,D,Angel 75 og (Barry 81),Martin Atkinson,"42,551",Villa Park,14,,,1,,0,Robinson,Martin O'Neill11,Thu,"Oct 19, 2006",UEFA Gp,Besiktas,(a),1-0,2,0,W,"Ghaly 31, Berbatov 63",P Rasmussen,"26,800",Inonu Stadium,n/a,,0,,,0,King,Jean Tigana12,Sun,"Oct 22, 2006",Prem,West Ham United,(h),1-0,1,0,W,Mido 45,Steve Bennett,"36,162",White Hart Lane,13,,0,,,0,King,Alan Pardew13,Wed,"Oct 25, 2006",LC3,Milton Keynes Dons,(a),2-0,5,0,W,"Mido 35, 59, Defoe 43, 51, Keane 89",K Stroud,"8,306",National Hockey Stadium,n/a,,0,,,0,Davids,Martin Allen14,Sat,"Oct 28, 2006",Prem,Watford,(a),0-0,0,0,D,,Uriah Rennie,"19,660",Vicarage Road,12,,0,,,0,King,Adrian Boothroyd15,Thu,"Nov 2, 2006",UEFA Gp,Club Brugge,(h),1-1,3,1,W,"Berbatov 17, 73, Keane 63 (Salou Ibrahim 14)",A Mallenco,"35,716",White Hart Lane,n/a,,,,,,King,Emilio Ferrera16,Sun,"Nov 5, 2008",Prem,Chelsea,(h),1-1,2,1,W,"Dawson 25, Lennon 52 (Makelele 15)",Graham Poll,"36,070",White Hart Lane,10,,,,,1,King,Jose Mourinho17,Wed,"Nov 8, 2006",LC4,Port Vale a.e.t.,(h),0-0,3,1,W,"Huddlestone 80, 99 Defoe 107 (Constantine 64)",Steve Bennett,"34,560",White Hart Lane,n/a,,,,,,Davids,Martin Foyle18,Sun,"Nov 12, 2006",Prem,Reading,(a),1-2,1,3,L,"Keane 24p (Shorey 38, Sidwell 45, Doyle79)",Rob Styles,"24,110",Madejski Stadium,12,,,,,,King,Steve Coppell19,Sun,"Nov 19, 2006",Prem,Blackburn Rovers,(a),0-1,1,1,D,Defoe 62p (Tugay 23),Phil Dowd,"18,083",Ewood Park,12,,,1,,1,King,Mark Hughes20,Thu,"Nov 23, 2006",UEFA Gp,Bayer 04 Leverkusen,(a),1-0,1,0,W,Berbatov 36,M Hansson,"22,500",Bay Arena,n/a,,,,,,King,Michael Skibbe21,Sun,"Nov 26, 2006",Prem,Wigan Athletic ,(h),2-1,3,1,W,"Defoe 43, Berbatov 44, Lennon 90 (Camara 25)",Mark Clattenburg,"35,205",White Hart Lane,10,,,,,,King,Paul Jewell22,Sat,"Dec 2, 2006",Prem,Arsenal ,(a),0-2,0,3,L,"(Adebayor 20, Gilberto 42p, 72p)",Graham Poll,"60,115",Emirates Stadium,12,,,,,,King,Arsene Wenger23,Tue,"Dec 5, 2006",Prem,Middlesbrough,(h),0-0,2,1,W,"Berbatov 48, Keane 84 (Huth 80)",Mark Halsey,"34,154",White Hart Lane,10,,,1,,1,King,Gareth Southgate24,Sat,"Dec 9, 2006",Prem,Charlton Athletic,(h),2-1,5,1,W,"Berbatov 31, 66, Tainio 33, Malbranque 55, Defoe 63 (Dawson 43 og)",Mike Dean,"35,565",White Hart Lane,9,,,,,,King,Les Reed25,Thu,"Dec 14, 2006",UEFA Gp,Dinamo Bucuresti,(h),2-0,3,1,W,"Berbatov 16, Defoe 39, 50 (Mendy 90)",B Brugger,"34,004",White Hart Lane,n/a,,,,,,King (Robinson),Mircea Rednic26,Sun,"Dec 17, 2006",Prem,Manchester City ,(a),2-0,2,1,W,"Davenport 16, Huddlestone 24 (Barton 64)",Rob Styles,"39,825",City of Manchester Stadium,7,,,,,,King,Stuart Pearce27,Wed,"Dec 20, 2006",LC5,Southend United a.e.t.,(h),0-0,1,0,W,Defoe 115,Phil Dowd,"35,811",White Hart Lane,n/a,,,,,,Robinson,Steve Tilson28,Sat,"Dec 23, 2006",Prem,Newcastle United,(a),1-3,1,3,L,"Murphy 15 (Dyer 3, Martins 7, Parker 34)",Alan Wiley,"52,079",St James'Park,7,,,,,,King,Glenn Roeder29,Tue,"Dec 26, 2006",Prem,Aston Villa,(h),0-0,2,1,W,"Defoe 58, 77 (Barry 81)",Uriah Rennie,"35,293",White Hart Lane,7,,,,,,King,Martin O'Neill30,Sat,"Dec 30, 2006",Prem,Liverpool,(h),0-1,0,1,L,(Garcia 45),Mark Halsey,"36,170",White Hart Lane,8,,,,,,Robinson,Rafael Benitez31,Mon,"Jan 1, 2007",Prem,Portsmouth,(a),0-1,1,1,D,Malbranque 50 (Mwaruwari 29),Andre Marriner,"20,194",Fratton Park,7,,,,,,Robinson,Harry Redknapp32,Sun,"Jan 7, 2007",FAC3,Cardiff City,(a),0-0,0,0,D,,Howard Webb,"20,376",Ninian Park,n/a,,,,,,Robinson,Dave Jones33,Sun,"Jan 14, 2007",Prem,Newcastle United,(h),1-1,2,3,L,"Defoe 14, Berbatov 54 (Huntingdon 16, Martins 72, Butt 73)",Steve Bennett,"35,942",White Hart Lane,8,,,,,,Robinson,Glenn Roeder34,Wed,"Jan 17, 2007",FAC3R,Cardiff City,(h),3-0,4,0,W,"Lennon 27, Keane 30, Malbranque 41, Defoe 81",Mike Riley,"27,641",White Hart Lane,n/a,,,,,,Keane,Dave Jones35,Sat,"Jan 20, 2007",Prem,Fulham,(a),0-0,1,1,D,Chimbonda 88 (Montella 84p),Mike Dean,"23,580",Craven Cottage,9,,,,,1,Robinson,Chris Coleman36,Wed,"Jan 24, 2007",LCSF.1,Arsenal ,(h),2-0,2,2,D,"Berbatov 12, Batista 21og (Batista 64, 77)",Graham Poll,"35,485",White Hart Lane,n/a,,,,,,Robinson,Arsene Wenger37,Sat,"Jan 27, 2007",FAC4,Southend United ,(h),1-0,3,1,W,"Keane 12, Jenas 50, Mido 76 (Eastwood 69p)",Rob Styles,"33,406",White Hart Lane,n/a,,0,0,1,0,Keane (Jenas),Steve Tilson38,Wed,"Jan 31, 2007",LCSF.2,Arsenal a.e.t.,(a),0-0,1,3,L,"Mido 85 (Adebayor 77, Aliadiere 105, Chimbonda 113og)",Alan Wiley,"55,872",Emirates Stadium,n/a,,0,0,0,0,Keane,Arsene Wenger39,Sun,"Feb 4, 2007",Prem,Manchester United,(h),0-1,0,4,L,"(Ronaldo 45p, Vidic 48, Scholes 54, Giggs 77)",Mark Clattenburg,"36,146",White Hart Lane,11,,0,0,1,0,Robinson,Alex Ferguson40,Sat,"Feb 10, 2007",Prem,Sheffield United,(a),1-1,1,2,L,"Jenas 2 (Hulse 27, Jagielka 62p)",Martin Atkinson,"32,144",Bramall Lane,11,,,,,,Keane,Neil Warnock41,Sun,"Feb 18, 2007",FAC5,Fulham ,(a),1-0,4,0,W,"Keane 6, 68, Berbatov 77, 90",Mark Halsey,"18,655",Craven Cottage,n/a,,,,,1,Keane,Chris Coleman42,Wed,"Feb 21, 2007",Prem,Everton,(a),1-1,2,1,W,"Berbatov 35, Jenas 89 (Arteta 42)",Uriah Rennie,"34,121",Goodison Park,10,,,,,,Keane,David Moyes43,Sun,"Feb 25, 2007",Prem,Bolton Wanderers,(h),3-1,4,1,W,"Keane 11, 22, Jenas 19, Lennon 90 (Speed 37p)",Graham Poll,"35,747",White Hart Lane,9,,,1,,,Keane (Robinson),Sam Allardyce44,Sun,"Mar 4, 2007",Prem,West Ham United,(a),0-2,4,3,W,"Defoe 51p, Tainio 63, Berbatov 89, Stalteri 90 (Noble 16, Tevez 41, Zamora 85))",Mike Dean,"34,966",Upton Park,8,,,,,,Robinson,Alan Curbishley45,Thu,"Mar 8, 2007",UEFA4.1,SC Braga,(a),0-0,3,2,W,"Keane 57, 90, Malbranque 72 (Jorge 76, Ze Carlos 81)",A Gonchar,"15,000",Estadio Municipal de Braga,n/a,,,,,,Keane,Jorge Costa46,Sun,"Mar 11, 2007",FAC6,Chelsea,(a),3-1,3,3,D,"Berbatov 5, Essien 28og, Ghaly 36 (Lampard 22, 71, Kalou 86)",Mike Riley,"41,517",Stamford Bridge,n/a,,,,,,Dawson,Jose Mourinho47,Wed,"Mar 14, 2007",UEFA4.2,SC Braga,(h),2-1,3,2,W,"Berbatov 28, 42, Malbranque 76 (Huddlestone 24og, Andrade 61)",L Duhamel,"33,761",White Hart Lane,n/a,,,,,,Keane (Dawson),Jorge Costa48,Sat,"Mar 17, 2007",Prem,Watford,(h),1-0,3,1,W,"Jenas 41, Robinson 63, Ghaly 85 (Henderson 89)",Mark Halsey,"36,051",White Hart Lane,7,,,,,,Robinson,Adrian Boothroyd49,Mon,"Mar 19, 2007",FAC6R,Chelsea,(h),0-0,1,2,L,"Keane 79p (Shevchenko 55, Wright-Phillips 61)",Steve Bennett,"35,519",White Hart Lane,n/a,,,,,,Keane,Jose Mourinho50,Sun,"Apr 1, 2007",Prem,Reading,(h),1-0,1,0,W,Keane 41p,Alan Wiley,"36,067",White Hart Lane,6,,,,,,Keane (Dawson),Steve Coppell51,Thu,"Apr 5, 2007",UEFA5.1,Sevilla,(a),1-2,1,2,L,"Keane 2, (Kanoute 19p, Kerzhakov 36 ",Alain Hamer,"32,000",Estadio Ramón Sánchez-Pizjuán,n/a,,,,,,Keane,Juande Ramos52,Sat,"Apr 7, 2007",Prem,Chelsea,(a),0-0,0,1,L,(Carvalho 52),Rob Styles,"41,864",Stamford Bridge,7,,,,,,Robinson,Jose Mourinho53,Thu,"Apr 12, 2007",UEFA5.2,Sevilla,(h),0-2,2,2,D,"Defoe 65, Lennon 67 (Malbranque 2 og, Kanoute 8)",Konrad Plautz,"35,284",White Hart Lane,n/a,,,1,,,King,Juande Ramos54,Sun,"Apr 15, 2007",Prem,Wigan Athletic ,(a),2-2,3,3,D,"Berbatov 4, Keane 35p, 68 (Heskey 2, Baines 30, Kilbane 60)",Graham Poll,"16,506",JJB Stadium,8,,,,,,Keane,Paul Jewell55,Sat,"Apr 21, 2007",Prem,Arsenal ,(h),1-0,2,2,D,"Keane 30, Jenas 90 (Toure 64, Adebayor 78)",Mike Dean,"36,050",White Hart Lane,9,,,,,,King,Arsene Wenger56,Sat,"Apr 28, 2007",Prem,Middlesbrough,(a),1-0,3,2,W,"Keane 12, 83, Berbatov 87 (Viduka 66, Pogatetz 89)",Lee Mason,"27,861",Riverside Stadium,9,,,,,,King,Gareth Southgate57,Mon,"May 7, 2007",Prem,Charlton Athletic,(a),1-0,2,0,W,"Berbatov 7, Defoe 90",Mark Halsey,"26,339",The Valley,6,,,,,,King,Alan Pardew58,Thu,"May 10, 2007",Prem,Blackburn Rovers,(h),0-1,1,1,D,Defoe 67 (McCarthy 32),Rob Styles,"35,974",White Hart Lane,6,,,,,,King,Mark Hughes59,Sun,"May 13, 2007",Prem,Manchester City ,(h),2-1,2,1,W,"Keane 10, Berbatov 32 (Mpenza 40)",Steve Bennett,"35,426",White Hart Lane,5,,,,,,King,Stuart Pearce,,,,,,,,,,,,,,,,,,,,,,,2007-08,,,,,,,,,,,,,,,,,,,,,,,,,,,,,,,,,,,,,,,,1,Sat,"Aug 11, 2007",Prem,Sunderland,(a),0-0,0,1,L,(Chopra 90),Alan Wiley,"43,967",Stadium of Light,n/a,,0,0,0,0,Keane,Roy Keane2,Tue,"Aug 14, 2007",Prem,Everton,(h),1-3,1,3,L,"Gardner 26, (Lescott 3, Osman 37, Stubbs 45)",Mark Halsey,"35,716",White Hart Lane,n/a,,0,0,0,0,Keane,David Moyes3,Sat,"Aug 18, 2007",Prem,Derby County,(h),3-0,4,0,W,"Malbranque 2, 6 Jenas 14, Bent 80",Chris Foy,"35,600",White Hart Lane,12,,0,0,0,0,Keane (Robinson),Billy Davies4,Sun,"Aug 26, 2007",Prem,Manchester United,(a),0-0,0,1,L,(Nani 68),Howard Webb,"75,696",Old Trafford,17,,0,0,0,0,Keane (Robinson),Alex Ferguson5,Sat,"Sep 1, 2007",Prem,Fulham,(a),2-1,3,3,D,"Kaboul 10, Berbatov 28, Bale 61 (Dempsey 42, Smertin 77, Kamara 90)",Mike Riley,"24,007",Craven Cottage,14,,0,0,0,0,Keane (Robinson),Lawrie Sanchez6,Sat,"Sep 15, 2007",Prem,Arsenal,(h),1-0,1,3,L,"Bale 15 (Adebayor 65, 90, Fabregas 80)",Mark Clattenburg,"36,053",White Hart Lane,17,,0,0,0,0,Keane,Arsene Wenger7,Thu,"Sep 20, 2007",UEFA 1.1,Anorthosis Famagusta FC,(h),4-0,6,1,W,"Kaboul 5, Dawson 40, Keane 42, Bent 43, Defoe 65, 90 (Zlogar81)",P Dondarini,"35,780",White Hart Lane,n/a,,0,0,0,0,Keane (Dawson),Temuri Ketsbaia8,Sun,"Sep 23, 2007",Prem,Bolton Wanderers,(a),1-1,1,1,D,Keane 34 (Campo 39),Andre Marriner,"20,308",Reebok Stadium,18,,0,0,0,0,Keane,Sammy Lee9,Wed,"Sep 26, 2007",LC3,Middlesbrough,(h),0-0,2,0,W,"Bale 72, Huddlestone 75",Keith Stroud,"32,280",White Hart Lane,n/a,,0,0,0,0,Robinson,Gareth Southgate10,Mon,"Oct 1, 2007",Prem,Aston Villa,(h),1-3,4,4,D,"Berbatov 20, Chimbonda 69, Keane 82p, Kaboul 90 (Laursen 22, 33, Agbonlahor 40, Gardner 59)",Mike Dean,"36,094",White Hart Lane,18,,1,0,0,0,Keane,Martin O'Neill11,Thu,"Oct 4, 2007",UEFA 1.2,Anorthosis Famagusta FC,(a),0-0,1,1,D,Keane 78 (Fabinho 54),Pavel Kralovec,"9,000",Antonis Papadopoulos Stadium,n/a,,0,0,0,0,Robinson,Temuri Ketsbaia12,Sat,"Oct 6, 2007",Prem,Liverpool,(a),1-1,2,2,D,"Keane 45, 47 (Voronin 12, Torres 90)",Mark Halsey,"43,986",Anfield,17,,0,0,0,0,Keane,Rafael Benitez13,Mon,"Oct 22, 2007",Prem,Newcastle United,(a),0-1,1,3,L,"Keane 57 (Martins 45,Cacapa 51, Milner 73)",Steve Bennett,"51,411",St James' Park,18,,0,0,0,0,Keane,Sam Allardyce14,Thu,"Oct 25, 2007",UEFA Gp,Getafe,(h),1-1,1,2,L,"Defoe 19 (De La Red 2, Braulio 70)",Knut Kircher,,White Hart Lane,n/a,,0,0,0,0,Zokora (Keane),Michael Laudrup15,Sun,"Oct 28, 2007",Prem,Blackburn Rovers ,(h),0-0,1,2,L,"Keane 49p (McCarthy 60, Samba 90)",Rob Styles,"36,086",White Hart Lane,18,,1,0,0,0,Keane,Mark Hughes16,Wed,"Oct 31, 2007",LC4,Blackpool ,(h),1-0,2,0,W,"Keane 18,Chimbonda 58",Chris Foy,"32,196",White Hart Lane,n/a,,0,0,0,0,Keane (Robinson),Simon Grayson17,Sat,"Nov 3, 2007",Prem,Middlesbrough,(a),1-0,1,1,D,Bent 35 (Young 52),Mike Dean,"25,625",Riverside Stadium,17,,0,0,0,0,Robinson,Gareth Southgate18,Thu,"Nov 8, 2007",UEFA Gp,Hapoel Tel Aviv,(a),2-0,2,0,W,"Keane 26, Berbatov 31",Gregorz Gilewski,"10,000",Bloomfield Stadium,n/a,,0,0,0,1,Keane (Robinson),Guy Luzon19,Sun,"Nov 11, 2007",Prem,Wigan Athletic ,(h),3-0,4,0,W,"Jenas 13, 26, Lennon 34, Bent 72",Howard Webb,"35,504",White Hart Lane,14,,0,0,0,0,Keane (Robinson),Frank Barlow (c)20,Sat,"Nov 24, 2007",Prem,West Ham United,(a),0-1,1,1,D,Dawson 67 (Cole 20),Mike Riley,"34,966",Upton Park,14,,S,0,0,0,Keane (Robinson),Alan Curbishley21,Thu,"Nov 29, 2007",UEFA Gp,Aalborg,(h),0-2,3,2,W,"Berbatov 46, Malbranque 51, Bent 66 (Enevoldsen 2, Risgaard 37)",Pedro Proenca,"29,758",White Hart Lane,n/a,,0,0,0,0,Keane,Erik Hamrén  22,Sun,"Dec 2, 2007",Prem,Birmingham City ,(h),0-1,2,3,L,"Keane 50p, 53 (McSheffrey 24p, Jerome 62, Larsson 90)",Phil Dowd,"35,635",White Hart Lane,16,,1,1,1,0,Keane (Robinson),Alex McLeish23,Thu,"Dec 6, 2007",UEFA Gp,Anderlecht,(a),0-0,1,1,D,Berbatov 71p (Goor 68),Damir Skomina,"22,500",Constant Vanden Stock Stadium,n/a,,1,0,0,0,Keane (Robinson),Ariel Jacobs24,Sun,"Dec 9, 2007",Prem,Manchester City ,(h),1-0,2,1,W,"Chimbonda 45, Defoe 83 (Bianchi 61)",Mark Halsey,"35,646",White Hart Lane,13,,0,0,0,1,Robinson,Sven-Goran Erikkson25,Sat,"Dec 15, 2007",Prem,Portsmouth,(a),0-0,1,0,W,Berbatov 81,Martin Atkinson,"20,520",Fratton Park,12,,0,0,0,0,Robinson,Harry Redknapp26,Tue,"Dec 18, 2007",LC5,Manchester City,(a),1-0,2,0,W,"Defoe 5, Malbranque 82",Steve Bennett,"38,564",City of Manchester Stadium,n/a,,0,1,0,0,Robinson,Sven-Goran Erikkson27,Sat,"Dec 22, 2007",Prem,Arsenal,(a),0-0,1,2,L,"Berbatov 66 (Adebayor 48, Bendtner 76)",Rob Styles,"60,087",Emirates Stadium,13,,S,0,0,0,Keane (Robinson),Arsene Wenger28,Wed,"Dec 26, 2007",Prem,Fulham,(h),2-0,5,1,W,"Keane 27, 62, Huddlestone 45, 71, Defoe 90 (Dempsey 60)",Andre Marriner,"36,077",White Hart Lane,13,,0,0,0,1,King (Robinson),Ray Lewington (c)29,Sat,"Dec 29, 2007",Prem,Reading,(h),1-1,6,4,W,"Berbatov 7,63, 73. 83, Malbranque 76, Defoe 79 (Cisse 16, Ingimarsson 53, Kitson 69, 74)",Keith Stroud,"36,178",White Hart Lane,12,,S,0,0,0,"King (Keane, Robinson)",Steve Coppell30,Tue,"Jan 1, 2008",Prem,Aston Villa,(a),0-1,1,2,L,"Defoe 79 (Mellberg 41, Laursen 85)",Steve Tanner,"41,609",Villa Park,12,,0,0,0,0,Robinson,Martin O'Neill31,Sat,"Jan 5, 2008",FAC3,Reading,(h),1-1,2,2,D,"Berbatov 28, 50p (Hunt 25, 78)",Mark Clattenburg,"35,243",White Hart Lane,n/a,,1,1,0,0,King,Steve Coppell32,Wed,"Jan 9, 2008",LCSF.1,Arsenal,(a),1-0,1,1,D,Jenas 37 (Walcott 79),Mike Dean,"53,136",Emirates Stadium,n/a,,0,0,0,0,King,Arsene Wenger33,Sat,"Jan 12, 2008",Prem,Chelsea,(a),0-1,0,2,L,"(Belletti 19, Wright-Phillips 80)",Alan Wiley,"41,777",Stamford Bridge,12,,0,0,0,0,King,Avram Grant34,Tue,"Jan 15, 2008",FAC3R,Reading,(a),1-0,1,0,W,Keane 15,Mike Riley,"22,130",Madejski Stadium,n/a,,0,0,0,0,Keane,Steve Coppell35,Sat,"Jan 19, 2008",Prem,Sunderland,(h),1-0,2,0,W,"Lennon 2, Keane 90",Lee Mason,"36,070",White Hart Lane,11,,0,0,0,0,Defoe (Keane),Roy Keane36,Tue,"Jan 22, 2008",LCSF.2,Arsenal,(h),2-0,5,1,W,"Jenas 3, Bendtner 27 og, Keane 48, Lennon 60, Malbranque 90 (Adebayor 70)",Howard Webb,"35,979",White Hart Lane,n/a,,0,0,0,0,King,Arsene Wenger37,Sun,"Jan 27, 2008",FAC4,Manchester United,(a),1-1,1,3,L,"Keane 24 (Tevez 38, Ronaldo 69p, 88)",Peter Walton,"75,369",Old Trafford,n/a,,0,1,1,0,Keane,Alex Ferguson38,Wed,"Jan 30, 2008",Prem,Everton,(a),0-0,0,0,D,,Andre Marriner,"35,840",Goodison Park,11,,0,0,0,0,Keane,David Moyes39,Sat,"Feb 2, 2008",Prem,Manchester United,(h),1-0,1,1,D,Berbatov 21 (Tevez 90),Mark Clattenburg,"36,075",White Hart Lane,11,,0,0,0,0,Keane (Jenas),Alex Ferguson40,Sat,"Feb 9, 2008",Prem,Derby County,(a),0-0,3,0,W,"Keane 68, Kaboul 81, Berbatov 90p",Martin Atkinson,"33,058",Pride Park,11,,1,0,0,0,Keane,Paul Jewell41,Thu,"Feb 14, 2008",UEFA 3.1,Slavia Prague,(a),2-0,2,1,W,"Berbatov 4, Keane 30 (Strihavka 69)",Claudio Circhetta,"11,134",Stadion Evzena Rosickeho,n/a,,0,0,0,0,Keane (Jenas),Karel Jarolim42,Thu,"Feb 21, 2008",UEFA 3.2,Slavia Prague,(h),1-0,1,1,D,O'Hara 7 (Krajcik 51),Jonas Eriksson,"34,224",White Hart Lane,n/a,,0,0,0,0,Robinson,Karel Jarolim43,Sun,"Feb 24, 2008",LCF,Chelsea aet,(n),0-1,2,1,W,"Berbatov 70p, Woodgate 94 (Drogba 39)",Mark Halsey,,Wembley Stadium,n/a,,1,0,0,0,King,Avram Grant44,Sat,"Mar 1, 2008",Prem,Birmingham City,(a),0-1,1,4,L,"Jenas 90 (Forssell 7, 59, 81, Larsson 55)",Lee Probert,"26,055",St Andrews Stadium,11,,0,0,0,0,Robinson (Keane),Alex McLeish45,Thu,"Mar 6, 2008",UEFA 4.1,PSV Eindhoven,(h),0-1,0,1,L,Farfan 34,Stephane Lannoy,"33,259",White Hart Lane,n/a,,0,0,0,0,King (Keane),Sef Vergoossen46,Sun,"Mar 9, 2008",Prem,West Ham United,(h),2-0,4,0,W,"Berbatov 8, 11, Gilberto 85, Bent 90+",Chris Foy,"36,062",White Hart Lane,11,,0,0,0,1,Keane (Robinson),Alan Curbishley47,Wed,"Mar 12, 2008",UEFA 4.2,PSV Eindhoven a.e.t.,(a),0-0,1,0,W,Berbatov 81,Matteo Trefoloni,"33,000",Phillips Stadion,n/a,,0,0,0,0,"King (Keane, Jenas)",Sef Vergoossen48,Sun,"Mar 16, 2008",Prem,Manchester City,(a),1-0,1,2,L,"Keane 32 (Ireland 59, Onuoha 72)",Mark Clattenburg,"40,180",City of Manchester Stadium,11,,0,0,0,0,Keane (Robinson),Sven-Goran Erikkson49,Wed,"Mar 19, 2008",Prem,Chelsea,(h),1-2,4,4,D,"Woodgate 12, Berbatov 61, Huddlestone 75, Keane 88 (Drogba 3, Essien 20, J Cole 52, 80)",Mike Riley,"36,178",White Hart Lane,11,,0,0,0,0,King (Keane),Avram Grant50,Sat,"Mar 22, 2008",Prem,Portsmouth,(h),0-0,2,0,W,"Bent 80, O'Hara 82",Phil Dowd,"35,998",White Hart Lane,11,,0,0,0,0,Keane (Robinson),Harry Redknapp51,Sun,"Mar 30, 2008",Prem,Newcastle United,(h),1-1,1,4,L,"Bent 26 (Butt 45, Geremi 52, Owen 65, Martins 83)",Steve Bennett,"36,067",White Hart Lane,11,,0,0,0,0,Keane (Robinson),Kevin Keegan52,Sat,"Apr 5, 2008",Prem,Blackburn Rovers,(a),1-1,1,1,D,Berbatov 7 (Pedersen 30),Peter Walton,"24,592",Ewood Park,11,,0,0,0,0,Keane (Jenas),Mark Hughes53,Sat,"Apr 12, 2008",Prem,Middlesbrough,(h),1-0,1,1,D,Grounds 27og (Downing 69),Mark Halsey,"36,092",White Hart Lane,11,,0,0,0,0,Keane,Gareth Southgate54,Sat,"Apr 19, 2008",Prem,Wigan Athletic,(a),1-1,1,1,D,Berbatov 6 (Heskey 12),Lee Probert,"18,673",JJB Stadium,11,,0,0,0,0,Keane (Jenas),Steve Bruce55,Sat,"Apr 26, 2008",Prem,Bolton Wanderers,(h),0-0,1,1,D,Malbranque 52 (Giannakopoulos 46),Mark Clattenburg,"36,176",White Hart Lane,11,,0,0,0,0,Keane,Gary Megson56,Sat,"May 3, 2008",Prem,Reading,(a),1-0,1,0,W,Keane 16,Howard Webb,"24,125",Madejski Stadium,11,,0,0,0,0,Keane (Jenas),Steve Coppell57,Sun,"May 11, 2008",Prem,Liverpool,(h),0-0,0,2,L,"(Voronin 69, Torres 74)",Uriah Rennie,"36,063",White Hart Lane,11,,0,0,0,0,Keane,Rafael Benitez,,,,,,,,,,,,,,,,,,,,,,,2008-2009,,,,,,,,,,,,,,,,,,,,,,,,,,,,,,,,,,,,,,,,1,Sat,"Aug 16, 2008",Prem,Middlesbrough,(a),0-0,1,2,L,"Huth 90+ og (Wheater 71, Mido 86)",Martin Atkinson,"32,623",Riverside Stadium,n/a,n/a,0,0,0,0,Jenas,Gareth Southgate2,Sat,"Aug 23, 2008",Prem,Sunderland,(h),0-0,1,2,L,"Jenas 73 (Richardson 55, Cisse 82)",Mike Dean,"36,064",White Hart Lane,n/a,n/a,0,0,0,0,King,Roy Keane3,Sun,"Aug 31, 2008",Prem,Chelsea,(a),1-1,1,1,D,Bent 45 (Belletti 27),Howard Webb,"41,790",Stamford Bridge,19,1,0,0,0,0,King,Luiz Felipe Scolari4,Mon,"Sep 15, 2008",Prem,Aston Villa,(h),0-1,1,2,L,"Bent 87 (Reo-Coker 5, A Young 54)",Steve Bennett,"36,075",White Hart Lane,20,4,0,0,0,0,Woodgate,Martin O'Neill5,Thu,"Sep 18, 2008",UEFA 1.1,Wisla Krakow,(h),1-1,2,1,W,"Bentley 33, Bent 73 (Jirsak 34)",Lucilio Batista,"35,751",White Hart Lane,n/a,n/a,0,0,0,0,King,Maciej Skorza6,Sun,"Sep 21, 2008",Prem,Wigan Athletic,(h),0-0,0,0,D,,Steve Tanner,"35,808",White Hart Lane,20,14,0,0,0,0,Jenas,Steve Bruce7,Wed,"Sep 24, 2008",LC3,Newcastle United,(a),0-0,2,1,W,"Pavlyuchenko 62, O'Hara 66 (Owen 90)",Chris Foy,"20,577",St James' Park,n/a,n/a,0,0,0,0,King,Chris Hughton (c)8,Sun,"Sep 28, 2008",Prem,Portsmouth,(a),0-1,0,2,L,"(Defoe 34p, Crouch 68)",Mike Dean,"20,352",Fratton Park,20,9,0,0,1,1,Jenas,Harry Redknapp9,Thu,"Oct 2, 2008",UEFA 1.2,Wisla Krakow,(a),0-0,1,1,D,Glowacki 58 og (Brosek 83),A Dan Tudor,"15,000",Wisly Stadium,n/a,n/a,0,0,0,0,King,Maciej Skor_a10,Sun,"Oct 5,2008",Prem,Hull City,(h),0-1,0,1,L,(Geovanni 9),Rob Styles,"36,062",White Hart Lane,20,3,0,0,0,0,Jenas,Phil Brown11,Sun,"Oct 19, 2008",Prem,Stoke City,(a),1-1,1,2,L,"Bent 25 (Higginbotham 19p, Delap 53)",Lee Mason,"27,500",Brittania Stadium,20,18,0,2,1/m,0,Jenas,Tony Pulis12,Thu,"Oct 23, 2008",UEFA Gp,Udinese,(a),0-1,0,2,L,"(Di Natale 24p, Pepe 86)",Felix Brych,"22,000",Stadio Friuli,n/a,n/a,0,1,1,0,King,Pasquale Marino13,Sun,"Oct 26, 2008",Prem,Bolton Wanderers,(h),1-0,2,0,W,"Pavlyuchenko 17, Bent 76p",Andre Marriner,"35,507",White Hart Lane,20,17,1,0,0,1,King,Gary Megson14,Wed,"Oct 29, 2008",Prem,Arsenal,(a),1-1,4,4,D,"Bentley 13, Bent 67, Jenas 89, Lennon 90 (Silvestre 37, Gallas 46, Adebayor 64, Van Persie 68)",Martin Atkinson,"60,043",Emirates Stadium,20,3,0,0,0,0,Jenas,Arsene Wenger15,Sat,"Nov 1, 2008",Prem,Liverpool,(h),0-1,2,1,W,"Carragher 69og, Pavlyuchenko 90 (Kuyt 3)",Phil Dowd,"36,183",White Hart Lane,20,2,0,0,0,0,King,Rafael Benitez16,Thu,"Nov 6, 2008",UEFA Gp,Dynamo Zagreb,(h),2-0,4,0,W,"Bent 30, 33, 70, Huddlestone 59",Fredy Fautrel,"32,788",White Hart Lane,n/a,n/a,0,0,0,0,Woodgate (Dawson),Branko Ivankovic17,Sun,"Nov 9, 2008",Prem,Manchester City,(a),1-1,2,1,W,"Bent 29, 64 (Robinho 16)",Mike Dean,"41,893",City of Manchester Stadium,16,13,0,1,0,2,King,Mark Hughes18,Wed,"Nov 12, 2008",LC4,Liverpool,(h),3-0,4,2,W,"Pavlyuchenko 38, 52,Campbell 42, 45 (Plessis 49, Hyypia 63) ",Mike Riley,"33,242",White Hart Lane,n/a,n/a,0,0,0,0,Dawson,Rafael Benitez19,Sat,"Nov 15, 2008",Prem,Fulham,(a),0-1,1,2,L,"Campbell 81 (Davies 33, Johnson 70)",Alan Wiley,"25,139",Craven Cottage,19,10,0,0,0,0,King,Roy Hodgson20,Sun,"Nov 23, 2008",Prem,Blackburn Rovers,(h),1-0,1,0,W ,Pavlyuchenko 9,Howard Webb,"35,903",White Hart Lane,16,19,0,0,0,1,King,Paul Ince21,Thu,"Nov 27, 2008",UEFA Gp,Nijmegen,(a),1-0,1,0,W,O'Hara 14,Cesar Muniz Fernandez,"12,500",De Goffert,n/a,n/a,0,0,0,0,Woodgate,Mario Been22,Sun,"Nov 30, 2008",Prem,Everton,(h),0-0,0,1,L,(Pienaar 51),Steve Bennett,"35,742",White Hart Lane,16,7,0,0,0,0,King,David Moyes23,Wed,"Dec 3, 2008",LC5,Watford,(a),1-1,2,1,W,"Pavlyuchenko 45p, Bent 76 (Priskin 13)",Phil Dowd,"16,501",Vicarage Road,n/a,n/a,1,0,0,0,Woodgate,Brendan Rodgers24,Mon,"Dec 8, 2008",Prem,West Ham United,(a),0-0,2,0,W ,"King 68, O’Hara 89",Chris Foy,"34,277",Upton Park,15,16,0,0,0,0,King,Gianfranco Zola25,Sat,"Dec 13, 2008",Prem,Manchester United,(h),0-0,0,0,D,,Mike Dean,"35,882",White Hart Lane,15,3,0,0,0,0,"Woodgate (Jenas, Dawson)",Alex Ferguson26,Thu,"Dec 18, 2008",UEFA Gp,Spartak Moscow,(h),0-2,2,2,D,"Modric 68, Huddlestone 74 (Dzuba 23, 33)",Pedro Proenca,"28,906",White Hart Lane,n/a,n/a,0,0,0,0,Dawson,Michael Laudrup27,Sun,"Dec 21, 2008",Prem,Newcastle United,(a),1-1,1,2,L,"Modric 28 (N’Zogbia 11, Duff 90)",Andre Marriner,"47,982",St James' Park,16,12,0,0,0,0,King,Joe Kinnear28,Fri,"Dec 26, 2008",Prem,Fulham,(h),0-0,0,0,D,,Peter Walton,"35,866",White Hart Lane,16,8,0,0,0,0,King,Roy Hodgson29,Sun,"Dec 28, 2008",Prem,West Bromwich Albion,(a),0-0,0,2,L,"(Bednar 83, Beattie 90)",Steve Tanner,"26,344",The Hawthorns,16,20,0,1,0,0,Woodgate,Tony Mowbray30,Fri,"Jan 2, 2009",FAC3,Wigan Athletic,(h),0-0,3,1,W,"Pavlyuchenko, 52p, 90, Modric 76 (Camara 88)",Alan Wiley,"34,040",White Hart Lane,n/a,n/a,1,0,0,0,Woodgate,Steve Bruce31,Tue,"Jan 6, 2009",LCSF.1,Burnley,(h),0-1,4,1,W,"Dawson 47, O’Hara 52, Pavlyuchenko 65, Duff 68 og (Paterson 15)",Martin Atkinson,"31,377",White Hart Lane,n/a,n/a,0,0,0,0,Woodgate,Owen Coyle32,Sun,"Jan 11, 2009",Prem,Wigan Athletic,(a),0-0,0,1,L,(Figueroa 90),Andre Marriner,"17,500",JJB Stadium,18,7,0,0,0,0,King,Steve Bruce33,Sun,"Jan 18, 2009",Prem,Portsmouth,(h),0-0,1,1,D,Defoe 70 (Nugent 59),Steve Bennett,"36,011",White Hart Lane,16,12,0,0,0,0,King,Tony Adams34,Wed,"Jan 21, 2009",LCSF.2,Burnley a.e.t.,(a),0-1,2,3,L,"Pavlyuchenko 118, Defoe 120 (Blake 34, McCann 73, Rodriguez 88)",Mark Halsey,"19,533",Turf Moor,n/a,n/a,0,0,0,0,Woodgate,Owen Coyle35,Sat,"Jan 24, 2009",FAC4,Manchester United,(a),1-2,1,2,L,"Pavlyuchenko 5 (Scholes 35, Berbatov 36)",Peter Walton,"75,014",Old Trafford,n/a,n/a,0,0,0,0,Dawson,Alex Ferguson36,Tue,"Jan 27, 2009",Prem,Stoke City,(h),3-0,3,1,W,"Lennon 8, Defoe 21, Dawson 24 (Beattie 57)",Mike Riley,"36,072",White Hart Lane,13,19,0,0,0,0,Woodgate,Tony Pulis37,Sat,"Jan 31, 2009",Prem,Bolton Wanderers,(a),0-1,2,3,L,"Bent 72, 74 (Puygrenier 31, K Davies 64, 87)",Phil Dowd,"21,575",Reebok Stadium,14,12,0,0,0,0,Woodgate,Gary Megson38,Sun,"Feb 8, 2009",Prem,Arsenal,(h),0-0,0,0,D,,Mike Dean,"36,021",White Hart Lane,15,5,0,0,0,1,Keane,Arsene Wenger39,Thu,"Feb 19, 2009",UEFA 3.1,Shakhtar Donetsk ,(a),0-0,0,2,L,"(Seleznov 79, Jadson 88)",Thomas Einwaller,"25,000",RSC Olympiyskiy Stadium,n/a,n/a,0,0,0,0,Jenas,Mircea Lucescu40,Mon,"Feb 23, 2009",Prem,Hull City,(a),1-1,2,1,W ,"Lennon 17, Woodgate 85 (Turner 27)",Lee Probert,"24,742",Kingston Communications Stadium,14,13,0,0,0,0,Keane,Phil Brown41,Thu,"Feb 26, 2009",UEFA 3.2,Shakhtar Donetsk ,(h),0-0,1,1,D,Dos Santos 55 (Fernandinho 86),Paolo Tagliavento,"30,595",White Hart Lane,n/a,n/a,0,0,0,0,Huddlestone,Mircea Lucescu42,Sun,"Mar 1, 2009",LCF,Manchester United (Manchester United won 4-1 on penalties),(n),0-0,0,0,L,,Chris Foy,"88,217",Wembley Stadium,n/a,n/a,0,0,0,0,King,Alex Ferguson43,Wed,"Mar 4, 2009",Prem,Middlesbrough,(h),3-0,4,0,W,"Keane 9, Pavlyuchenko 14, Lennon 40, 79",Howard Webb,"35,761",White Hart Lane,13,19,0,0,0,0,Keane,Gareth Southgate44,Sat,"Mar 7, 2009",Prem,Sunderland,(a),0-1,1,1,D,Keane 89 (Richardson 3),Phil Dowd,"37,894",Stadium of Light,12,13,0,0,0,0,Keane,Ricky Sbragia45,Sun,"Mar 15, 2009",Prem,Aston Villa,(a),1-0,2,1,W,"Jenas 5, Bent 50 (Carew 85)",Steve Bennett,"41,205",Villa Park,11,5,0,0,0,0,Keane,Martin O'Neill46,Sat,"Mar 21, 2009",Prem,Chelsea,(h),0-0,1,0,W ,Modric 50,Mike Dean,"36,034",White Hart Lane,11,3,0,0,0,0,Keane,Guus Hiddink47,Sat,"Apr 4, 2009",Prem,Blackburn Rovers,(a),1-0,1,2,L,"Keane 30p (McCarthy 82, Ooijer 89)",Peter Walton,"21,891",Ewood Park,11,14,1,1,0,0,Keane,Sam Allardyce48,Sat,"Apr 11, 2009",Prem,West Ham United,(h),0-0,1,0,W ,Pavlyuchenko 65,Martin Atkinson,"35,969",White Hart Lane,9,7,0,0,0,0,Keane,Gianfranco Zola49,Sun,"Apr 19, 2009",Prem,Newcastle United,(h),1-0,1,0,W,Bent 24,Mark Halsey,"35,850",White Hart Lane,9,19,0,0,0,0,Keane,Alan Shearer (c)50,Sat,"Apr 25, 2009",Prem,Manchester United,(a),2-0,2,5,L,"Bent 29, Modric 32 (Ronaldo 57p, 68, Rooney 67, 71, Berbatov 79)",Howard Webb,"75,458",Old Trafford,10,1,0,0,1,0,Keane (King),Alex Ferguson51,Sat,"May 2, 2009",Prem,West Bromwich Albion,(h),1-0,1,0,W,Jenas 43,Rob Styles,"35,836",White Hart Lane,10,20,0,0,0,0,Keane,Tony Mowbray52,Sat,"May 9, 2009",Prem,Everton,(a),0-0,0,0,D,,Lee Mason,"36,646",Goodison Park,8,6,0,0,0,0,Keane,David Moyes53,Sat,"May 16, 2009",Prem,Manchester City,(h),1-0,2,1,W,"Defoe 29, Keane 86p (Bojinov 65)",Mark Halsey,"36,000",White Hart Lane,8,10,1,0,0,0,Keane,Mark Hughes54,Sun,"May 24, 2009",Prem,Liverpool,(a),0-1,1,3,L,"Keane 77 (Torres 31, Hutton 64 og, Benayoun 81)",Peter Walton,"43,937",Anfield,8,2,0,0,0,0,Keane,Rafael Benitez,,,,x,,,,,,,,,x,,,,,,,,,,2009-10,,x,,,,,,,,,x,,,,,,,,,,,,x,,,,,,,,,x,,,,,,,,1,Sun,"Aug 16, 2009",Prem,Liverpool,(h),1-0,2,1,W,"Assou-Ekotto 44, Bassong 59 (Gerrard 56p)",Phil Dowd,"35,935",White Hart Lane,n/a,n/a,0,0,1,0,Keane (King),Rafael Benitez2,Wed,"Aug 19, 2009",Prem,Hull City,(a),3-1,5,1,W,"Defoe 10, 45, 90, Palacios 14, Keane 78 (Hunt 25)",Chris Foy,"24,735",Kingston Communications Stadium,n/a,n/a,0,0,0,0,Keane (Modric (Defoe)),Phil Brown3,Sun,"Aug 23, 2009",Prem,West Ham United,(a),0-0,2,1,W,"Defoe 54, Lennon 79 (Cole 49)",Mark Clattenburg,"33,095",Upton Park,1,11,0,0,0,0,Keane (King),Gianfranco Zola4,Wed,"Aug 26, 2009",LC2,Doncaster Rovers,(a),3-0,5,1,W,"Huddlestone 9, O’Hara 11, Crouch 37, Bentley 52, Pavlyuchenko 69 (Woods 61p)",Russell Booth,"12,923",Keepmoat Stadium,n/a,n/a,0,0,1,0,Corluka,Sean O'Driscoll5,Sat,"Aug 29, 2009",Prem,Birmingham City ,(h),0-0,2,1,W,"Crouch 72, Lennon 90 (Bowyer 75)",Peter Walton,"35,318",White Hart Lane,2,12,0,0,0,0,Keane,Alex McLeish6,Sat,"Sep 12, 2009",Prem,Manchester United,(h),1-2,1,3,L,"Defoe 1 (Giggs 25, Anderson 41, Rooney 78)",Andre Marriner,"35,785",White Hart Lane,4,2,0,0,0,1,Keane (King),Alex Ferguson7,Sun,"Sep 20, 2009",Prem,Chelsea  ,(a),0-1,0,3,L,"(A Cole 32, Ballack 58, Drogba 63)",Howard Webb,"41,623",Stamford Bridge,6,1,0,0,0,0,Keane,Carlo Ancelotti8,Wed,"Sep 23, 2009",LC3,Preston North End,(a),2-0,5,1,W,"Crouch 14, 77, 90, Defoe 37, Keane 87 (Brown 83)",Phil Dowd,"16,533",Deepdale,n/a,n/a,0,0,0,0,Jenas,Alan Irvine9,Sat ,"Sep 26, 2009",Prem,Burnley ,(h),2-0,5,0,W,"Keane 18 p, 74, 77, 87, Jenas 33",Mike Dean,"35,462",White Hart Lane,4,11,1,0,0,0,Keane,Owen Coyle10,Sat,"Oct 3, 2009",Prem,Bolton Wanderers ,(a),1-1,2,2,D,"Kranjcar 34, Corluka 73 (Gardner 3, K Davies 69)",Michael Jones,"21,305",Reebok Stadium,3,13,0,0,0,0,Keane (Jenas),Gary Megson11,Sat,"Oct 17, 2009",Prem,Portsmouth ,(a),2-0,2,1,W,"King 29, Defoe 45 (Boateng 59)",Phil Dowd,"20,821",Fratton Park,3,20,0,1,0,1,Keane (King),Paul Hart12,Sat,"Oct 24, 2009",Prem,Stoke City,(h),0-0,0,1,L,(Whelan 86),Lee Probert,"36,031",White Hart Lane,4,9,0,0,0,0,"Keane (Huddlestone, Jenas)",Tony Pulis13,Tue,"Oct 27, 2009",LC4,Everton  ,(h),1-0,2,0,W,"Huddlestone 31, Keane 57",Lee Mason,"35,843",White Hart Lane,n/a,n/a,m,0,0,0,Keane,David Moyes14,Sat,"Oct 31, 2009",Prem,Arsenal ,(a),0-2,0,3,L,"(Van Persie 42, 60, Fabregas 43)",Mark Clattenburg,"60,103",Emirates Stadium,5,3,0,0,0,0,Keane (King),Arsene Wenger15,Sat,"Nov 7, 2009",Prem,Sunderland  ,(h),1-0,2,0,W,"Keane 12, Huddlestone 68",Kevin Friend,"35,955",White Hart Lane,4,8,0,0,m,0,Keane (Jenas),Steve Bruce16,Sun,"Nov 22, 2009",Prem,Wigan Athletic,(h),1-0,9,1,W,"Crouch 9, Defoe 51, 54, 58, 69, 87, Lennon 64, Bentley 88, Kranjcar 90 (Scharner 57)",Peter Walton,"35,650",White Hart Lane,4,15,0,0,0,0,Woodgate,Roberto Martinez17,Sat,"Nov 28, 2009",Prem,Aston Villa ,(a),0-1,1,1,D,Dawson 77 (Agbonlahor 10),Phil Dowd,"39,866",Villa Park,3,6,0,0,0,0,Dawson,Martin O'Neill18,Tue,"Dec 1, 2009",LC5,Manchester United,(a),0-2,0,2,L,"(Gibson 16, 38)",Mark Clattenburg,"57,212",Old Trafford,n/a,n/a,0,0,0,0,Keane (Dawson),Alex Ferguson19,Sun,"Dec 6, 2009",Prem,Everton  ,(a),0-0,2,2,D,"Defoe 47, Dawson 59 (Saha 78, Cahill 86)",Andre Marriner,"34,003",Goodison Park,4,15,m,0,0,0,Dawson,David Moyes20,Sat,"Dec 12, 2009",Prem,Wolverhampton Wand,(h),0-1,0,1,L,(Doyle 3),Stuart Attwell,"36,012",White Hart Lane,5,17,0,0,0,0,Keane (Dawson),Mick McCarthy21,Wed,"Dec 16, 2009",Prem,Manchester City ,(h),1-0,3,0,W,"Kranjcar 37, 90, Defoe 54",Alan Wiley,"35,891",White Hart Lane,5,8,0,0,0,0,Dawson,Mark Hughes22,Sat,"Dec 19, 2009",Prem,Blackburn Rovers,(a),1-0,2,0,W,"Crouch 45, 83",Peter Walton,"26,490",Ewood Park,5,13,0,0,0,0,Dawson,Sam Allardyce23,Sat,"Dec 26, 2009",Prem,Fulham ,(a),0-0,0,0,D,,Steve Bennett,"25,679",Craven Cottage,5,9,0,0,0,0,Keane (Dawson),Roy Hodgson24,Mon,"Dec 28, 2009",Prem,West Ham United,(h),1-0,2,0,W,"Modric 11, Defoe 81",Chris Foy,"35,994",White Hart Lane,4,17,0,0,0,0,King,Gianfranco Zola25,Sat,"Jan 2, 2010",FAC3,Peterborough United,(h),1-0,4,0,W,"Kranjcar 35,57, Defoe 70, Keane 90p",Lee Mason,"35,862",White Hart Lane,n/a,n/a,1,0,0,0,Keane,Mark Cooper26,Sat,"Jan 16, 2010",Prem,Hull City,(h),0-0,0,0,D,,Martin Atkinson,"35,729",White Hart Lane,4,18,0,0,0,0,Keane (Dawson),Phil Brown27,Wed,"Jan 20, 2010",Prem,Liverpool,(a),0-1,0,2,L,"(Kuyt 6, 90p)",Howard Webb,"42,016",Anfield,4,6,0,0,1,0,King (Keane),Rafael Benitez28,Sat,"Jan 23, 2010",FAC4,Leeds United,(h),1-0,2,2,D,"Crouch 42, Pavlyuchenko 75 (Beckford 52, 90p)",Alan Wiley,"35,750",White Hart Lane,n/a,n/a,s,0,1,0,Dawson,Simon Grayson29,Tue,"Jan 26, 2010",Prem,Fulham ,(h),1-0,2,0,W,"Crouch 27, Bentley 60",Mike Dean,"35,467",White Hart Lane,4,10,0,0,0,0,King,Roy Hodgson30,Sat,"Jan 30, 2010",Prem,Birmingham City ,(a),0-0,1,1,D,Defoe 69 (Ridgewell 90),Stuart Attwell,"27,238",St Andrews,4,8,0,0,0,0,King,Alex McLeish31,Wed,"Feb 3, 2010",FAC4R,Leeds United,(a),1-1,3,1,W,"Defoe 37, 73, 90 (Becchio 45)",Andre Marriner,"37,704",Elland Road,n/a,n/a,0,0,0,0,Dawson,Simon Grayson32,Sat,"Feb 6, 2010",Prem,Aston Villa ,(h),0-0,0,0,D,,Chris Foy,"35,899",White Hart Lane,5,7,0,0,0,0,King,Martin O'Neill33,Wed,"Feb 10, 2010",Prem,Wolverhampton Wand ,(a),0-1,0,1,L,(Jones 27),Mark Clattenburg,"27,992",Molineux,6,15,0,0,0,0,Dawson,Mick McCarthy34,Sat,"Feb 13, 2010",FAC5,Bolton Wanderers ,(a),0-1,1,1,D,Defoe 61 (K Davies 34),Phil Dowd,"13,596",Reebok Stadium,n/a,n/a,s,0,0,0,King,Owen Coyle35,Sun,"Feb 21, 2010",Prem,Wigan Athletic,(a),1-0,3,0,W,"Defoe 27, Pavlyuchenko 84, 90(+3)",Alan Wiley,"16,165",DW Stadium,4,15,0,0,0,0,King (Dawson),Roberto Martinez36,Wed,"Feb 24, 2010",FAC5R,Bolton Wanderers ,(h),2-0,4,0,W,"Pavlyuchenko 23, 87, Jaaskelainen 35 og, O’Brien 47 og",Peter Walton,"31,346",White Hart Lane,n/a,n/a,0,0,0,0,Dawson,Owen Coyle37,Sun,"Feb 28, 2010",Prem,Everton  ,(h),2-0,2,1,W,"Pavlyuchenko 11, Modric 28 (Yakubu 55)",Steve Bennett,"35,912",White Hart Lane,4,10,0,0,0,0,Dawson,David Moyes38,Sat,"Mar 6, 2010",FAC6,Fulham ,(a),0-0,0,0,D,,Mark Clattenburg,"24,533",Craven Cottage,n/a,n/a,0,0,0,0,Dawson,Roy Hodgson39,Sat,"Mar 13, 2010",Prem,Blackburn Rovers ,(h),1-0,3,1,W,"Defoe 45, Pavlyuchenko 55, 85 (Samba 80)",Howard Webb,"35,474",White Hart Lane,4,12,0,0,0,0,Dawson,Sam Allardyce40,Sat,"Mar 20, 2010",Prem,Stoke City  ,(a),0-0,2,1,W,"Gudjohnsen 46, Kranjcar 77 (Etherington 64p)",Mike Dean,"27,575",Britannia Stadium,4,11,0,0,1,1,Dawson,Tony Pulis41,Wed,"Mar 24, 2010",FAC6R,Fulham ,(h),0-1,3,1,W,"Bentley 47, Pavlyuchenko 60, Gudjohnsen 66 (Zamora 17)",Martin Atkinson,"35,432",White Hart Lane,n/a,n/a,0,0,0,0,Dawson,Roy Hodgson42,Sat,"Mar 27, 2010",Prem,Portsmouth  ,(h),2-0,2,0,W,"Crouch 27, Kranjcar 41",Kevin Friend,"35,870",White Hart Lane,4,20,0,0,0,0,Dawson (Huddlestone),Avram Grant43,Sat,"Apr 3, 2010",Prem,Sunderland ,(a),0-2,1,3,L,"Crouch 72 (Bent 1, 29p, Zenden 86)",Lee Mason,"43,184",Stadium of Light,5,13,0,0,2s1,0,Modric,Steve Bruce44,Sun,"Apr 11, 2010",FACSF,Portsmouth a.e.t. ,(n),0-0,0,2,L,"(Piquionne 99, Boateng 117p)",Alan Wiley,"84,602",Wembley Stadium,n/a,n/a,0,0,1,0,Dawson,Avram Grant45,Wed,"Apr 14, 2010",Prem,Arsenal ,(h),1-0,2,1,W,"Rose 10, Bale 47 (Bendtner 85)",Mark Clattenburg,"36,041",White Hart Lane,5,3,0,0,0,0,King,Arsene Wenger46,Sat," Apr 17, 2010 ",Prem,Chelsea  ,(h),2-0,2,1,W,"Defoe 15p, Bale 44 (Lampard 90)",Phil Dowd,"35,814",White Hart Lane,4,1,1,0,0,1,Dawson,Carlo Ancelotti47,Sat ,"Apr 24, 2010",Prem,Manchester United,(a),0-0,1,3,L,"King 70 (Giggs 58p, 86p, Nani 81)",Andre Marriner,"75,268",Old Trafford,4,2,0,0,2,0,King,Alex Ferguson48,Sat ,"May 1, 2010",Prem,Bolton Wanderers ,(h),1-0,1,0,W,Huddlestone 38,Chris Foy,"35,852",White Hart Lane,4,14,0,0,0,0,King,Owen Coyle49,Wed,"May 5, 2010",Prem,Manchester City ,(a),0-0,1,0,W,Crouch 82,Steve Bennett,"47,370",City of Manchester Stadium,4,5,0,0,0,0,King,Roberto Mancini50,Sun ,"May 9, 2010",Prem,Burnley ,(a),2-1,2,4,L,"Bale 3, Modric 32 (Elliott 42, Cork 54, Paterson 71, Thompson 88)",Mike Dean,"21,161",Turf Moor,4,18,0,0,0,0,King,Brian Laws,x,2010-11,x,x,x,,,,,,x,,x,,,,,,,x,x1,Sat,"Aug 14, 2010",Prem,Manchester City ,(h),0-0,0,0,D,,Andre Marriner,"35,928",White Hart Lane,n/a,n/a,0,0,0,0,King,Roberto Mancini2,Tue,"Aug 17, 2010",CL4QR.1,BSC Young Boys,(a),1-3,2,3,L,"Bassong 42, Pavlyuchenko 83 (Lulic 4, Bienvenu 13, Hochstrasser 28)",Frank de Bleeckere,"31,275",Stade de Suisse,n/a,n/a,0,0,0,0,Dawson,Vladimir Petkovi_3,Sat,"Aug 21, 2010",Prem,Stoke City,(a),2-1,2,1,W,"Bale 19, 30 (Fuller 25)",Chris Foy,"27,243",Britannia Stadium,n/a,n/a,0,0,0,0,Dawson,Tony Pulis4,Wed,"Aug 25, 2010",CL4QR.2,Young Boys of Bern,(h),2-0,4,0,W,"Crouch 5, 61, 78p, Defoe 32",Laurent Duhamel,"34,709",White Hart Lane,n/a,n/a,1,0,0,1,King,Vladimir Petkovi_5,Sat,"Aug 28, 2010",Prem,Wigan Athletic,(h),0-0,0,1,L,(Rodallega 80),Phil Dowd,"35,101",White Hart Lane,11,17,0,0,0,0,King,Roberto Martinez6,Sat,"Sep 11, 2010",Prem,West Bromwich Albion,(a),1-1,1,1,D,Modric 27 (Brunt 41),Howard Webb,"23,642",The Hawthorns,11,16,0,0,0,0,Huddlestone,Roberto di Matteo7,Tue,"Sep 14, 2010",CLGp,Werder Bremen,(a),2-1,2,2,D,"Pasanen 12 og, Crouch 18 (Almeida 43, Marin 47)",Massimo Busacca,"40,000",Weserstadion,n/a,n/a,0,0,0,0,King,Thomas Schaaf8,Sat,"Sep 18, 2010",Prem,Wolverhampton Wand,(h),0-1,3,1,W,"Van der Vaart 77p, Pavlyuchenko 87, Hutton 90 (Fletcher 45)",Mike Jones,"35,940",White Hart Lane,5,15,1,0,0,0,King,Mick McCarthy9,Tue,"Sep 21, 2010",LC3,Arsenal a.e.t.,(h),0-1,1,4,L,"Keane 49 (Lansbury 15, Nasri 92p ,96p, Arshavin 105)",Lee Probert,"35,883",White Hart Lane,n/a,n/a,0,0,2,0,Bassong,Arsene Wenger10,Sat,"Sep 25, 2010",Prem,West Ham United,(a),0-1,0,1,L,Piquionne 29,Martin Atkinson,"34,190",Upton Park,8,19,0,0,0,0,Huddlestone,Avram Grant11,Wed,"Sep 29, 2010",CLGp,FC Twente,(h),0-0,4,1,W,"Van der Vaart 47, Pavlyuchenko 50p ,64p, Bale 85 (Chadli 56)",Terje Hauge,"32,518",White Hart Lane,n/a,n/a,1s2,1,0,0,King,Michel Preud'homme12,Sat ,"Oct 2, 2010",Prem,Aston Villa,(h),1-1,2,1,W,"Van der Vaart 45+2, 75 (Albrighton 16)",Mark Clattenburg,"35,871",White Hart Lane,5,8,0,0,0,0,Huddlestone,Gerard Houllier13,Sat,"Oct 16, 2010",Prem,Fulham,(a),1-1,2,1,W,"Pavlyuchenko 31, Huddlestone 63 (Kamara 30)",Mike Dean,"25,615",Craven Cottage,5,12,0,0,0,0,King (Huddlestone),Mark Hughes14,Wed,"Oct 20, 2010",CLGp,Inter Milan,(a),0-4,3,4,L,"Bale 52, 90, 90+1 (Zanetti 2, Eto’o 11p, 35, Stankovic 14)",Damir Skomina,"70,520",Stadio Giuseppe Meazza,n/a,n/a,0,1,1,0,Huddlestone (Keane),Rafael Benitez15,Sat,"Oct 23, 2010",Prem,Everton,(h),1-1,1,1,D,Van der Vaart 20 (Baines 17),Mike Jones,"35,967",White Hart Lane,5,11,0,0,0,0,Modric,David Moyes16,Sat,"Oct 30, 2010",Prem,Manchester United,(a),0-1,0,2,L,"(Vidic 31, Nani 84)",Mark Clattenburg,"75,223",Old Trafford,5,3,0,0,0,0,Keane (Modric),Alex Ferguson17,Tue,"Nov 2, 2010",CLGp,Inter Milan,(h),1-0,3,1,W,"Van der Vaart 18, Crouch 61, Pavlyuchenko 89 (Eto'o 80)",Viktor Kassai,"34,103",White Hart Lane,n/a,n/a,0,0,0,0,Huddlestone,Rafael Benitez18,Sat,"Nov 6, 2010",Prem,Bolton Wanderers,(a),0-1,2,4,L,"Hutton 79, Pavlyuchenko 87 (Davies 31, 76p, Steinsson 56, Petrov 90+4)",Chris Foy,"20,255",Reebok Stadium,7,6,0,0,1,0,Modric,Owen Coyle19,Tue,"Nov 9, 2010",Prem,Sunderland,(h),0-0,1,1,D,Van der Vaart 64 (Gyan 67),Howard Webb,"35,843",White Hart Lane,7,8,0,0,0,0,Huddlestone,Steve Bruce20,Sat,"Nov 13, 2010",Prem,Blackburn Rovers ,(h),2-0,4,2,W,"Bale 16, 75, Pavlyuchenko 42, Crouch 69 (Nelsen 80, Givet 90)",Andre Marriner,"35,700",White Hart Lane,7,14,m,0,0,0,Modric,Sam Allardyce21,Sat,"Nov 20, 2010",Prem,Arsenal  ,(a),0-2,3,2,W,"Bale 50, Van der Vaart 67p, Kaboul 85 (Nasri 9, Chamakh 27)",Phil Dowd,"60,102",Emirates Stadium,6,3,1,0,0,0,Gallas,Arsene Wenger22,Wed,"Nov 24, 2010",CLGp,Werder Bremen,(h),2-0,3,0,W,"Kaboul 6, Modric 45(+1), Crouch 79",Olegário Benquerença,"33,546",White Hart Lane,n/a,n/a,s,0,0,0,Gallas,Thomas Schaaf23,Sun ,"Nov 28, 2010",Prem,Liverpool ,(h),0-1,2,1,W,"Skrtel 65 og, Lennon, 90(+2) (Skrtel 42)",Martin Atkinson,"35,962",White Hart Lane,5,10,m,0,0,0,Gallas,Roy Hodgson24,Sat  ,"Dec 4, 2010",Prem,Birmingham City ,(a),1-0,1,1,D,Bassong 19 (Gardner 81),Kevin Friend,"25,770",St Andrews,5,14,0,0,0,0,Gallas,Alex McLeish25,Tue ,"Dec 7, 2010",CLGp,FC Twente,(a),1-1,3,3,D,"Wisgerhof 12 og, Defoe 47, 60 (Landzaat 22p, Rosales 56, Chadli 64)",Carlos Velasco Carballo,"24,000",Grolsch Veste Stadium,n/a,n/a,0,0,1,0,Gallas,Michel Preud'homme26,Sun,"Dec 12, 2010",Prem,Chelsea  ,(h),1-0,1,1,D,Pavlyuchenko 15 (Drogba 70),Mike Dean,"35,787",White Hart Lane,5,4,0,0,s,0,Dawson,Carlo Ancelotti27,Sun  ,"Dec 26, 2010",Prem,Aston Villa,(a),1-0,2,1,W,"Van der Vaart 23, 67 (Albrighton 82)",Martin Atkinson,"39,411",Villa Park,5,15,0,1,0,0,Dawson,Gerard Houllier28,Tue ,"Dec 28, 2010",Prem,Newcastle United,(h),0-0,2,0,W,"Lennon 57, Bale 81",Anthony Taylor,"35,927",White Hart Lane,9,13,0,1,0,0,Dawson,Alan Pardew29,Sat  ,"Jan 1, 2011",Prem,Fulham,(h),1-0,1,0,W,Bale 42,Mike Jones,"35,603",White Hart Lane,4,18,0,0,0,0,Dawson,Mark Hughes30,Wed  ,"Jan 5, 2011",Prem,Everton,(a),1-1,1,2,L,"Van der Vaart 11 (Saha 3, Coleman 75)",Lee Probert,"34,124",Goodison Park,4,11,0,0,0,0,Dawson,David Moyes31,Sun,"Jan 9, 2011",FAC3,Charlton Athletic,(h),0-0,3,0,W,"Townsend 49, Defoe 58, 60",Michael Oliver,"35,698",White Hart Lane,n/a,n/a,0,0,0,0,Dawson,Keith Peacock32,Sun  ,"Jan 16, 2011",Prem,Manchester United,(h),0-0,0,0,D,,Mike Dean,"35,828",White Hart Lane,5,1,0,0,0,1,Dawson,Alex Ferguson33,Sat  ,"Jan 22, 2011",Prem,Newcastle United,(a),0-0,1,1,D,Lennon 90+1 (Coloccini 59),Mark Halsey,"51,010",St James' Park,5,8,0,0,0,0,Dawson,Alan Pardew34,Sun,"Jan 30, 2011",FAC4,Fulham,(a),0-4,0,4,L,"(Murphy 11p, 14p, Hangeland 23, Dembele 45+3)",Phil Dowd,"21,829",Craven Cottage,n/a,n/a,0,1,2,0,"Dawson (Modric, Gallas)",Mark Hughes35,Wed  ,"Feb 2, 2011",Prem,Blackburn Rovers,(a),1-0,1,0,W,Crouch 3,Andre Marriner,"23,253",Ewood Park,5,9,0,0,0,0,Gallas,Steve Kean36,Sat  ,"Feb 5, 2011",Prem,Bolton Wanderers,(h),1-0,2,1,W,"Van der Vaart 6p, Kranjcar 90+2(Sturridge 55)",Mark Clattenburg,"36,197",White Hart Lane,5,8,1s1,0,0,0,Dawson,Owen Coyle37,Sat  ,"Feb 12, 2011",Prem,Sunderland,(a),1-1,2,1,W,"Dawson 44, Kranjcar 57 (Gyan 11)",Mike Jones,"40,986",Stadium of Light,4,7,0,0,0,0,Dawson,Steve Bruce38,Tue,"Feb 15, 2011",CLKOR.1,AC Milan ,(a),0-0,1,0,W,Crouch 80,Stéphane Lannoy,"80,000",Stadio Giuseppe Meazza,n/a,n/a,0,0,0,0,Dawson,Massimiliano Allegri39,Tue,"Feb 22, 2011",Prem,Blackpool,(a),0-2,1,3,L,"Pavlyuchenko 90+3 (Adam 18p, Campbell 44, Ormerod 80)",Chris Foy,"16,069",Bloomfield Road,4,12,0,0,1,0,Dawson,Ian Holloway40,Sun  ,"Mar 6, 2011",Prem,Wolverhampton Wand,(a),2-2,3,3,D,"Defoe 30, 35, Pavlyuchenko 48 (Doyle 20, 40p, Fletcher 87)",Mark Halsey,"28,669",Molineux,5,19,0,0,1,0,Dawson,Mick McCarthy41,Wed,"Mar 9, 2010",CLKOR.1,AC Milan ,(h),0-0,0,0,D,,Frank de Bleeckere,"34,320",White Hart Lane,n/a,n/a,0,0,0,0,Dawson,Massimiliano Allegri42,Sat ,"Mar 19, 2011",Prem,West Ham United,(h),0-0,0,0,D,,Mike Dean,"36,010",White Hart Lane,5,17,0,0,0,0,Dawson,Avram Grant43,Sat  ,"Apr 2, 2011",Prem,Wigan Athletic,(a),0-0,0,0,D,,Andre Marriner,"18,578",DW Stadium,5,20,0,0,0,0,Dawson,Roberto Martinez44,Tue,"Apr 5, 2011",CLQF.1,Real Madrid,(a),0-1,0,4,L,"(Adebayor 4, 57, Di Maria 72, Ronaldo 87)",Felix Brych,"80,000",Estadio Santiago Bernabéu,n/a,n/a,0,1,0,0,Dawson,Jose Mourinho45,Sat  ,"Apr 9, 2011",Prem,Stoke City,(h),3-2,3,2,W,"Crouch 11, 34, Modric 18 (Etherington 27, Jones 41)",Kevin Friend,"35,702",White Hart Lane,5,12,0,0,0,0,Dawson,Tony Pulis46,Wed,"Apr 13, 2011",CLQF.2,Real Madrid,(h),0-0,0,1,L,(Ronaldo 50),Nicola Rizzoli,"34,326",White Hart Lane,n/a,n/a,0,0,0,0,Dawson,Jose Mourinho47,Wed  ,"Apr 20, 2011",Prem,Arsenal ,(h),2-3,3,3,D,"Van der Vaart 7, 70p, Huddlestone 44 (Walcott 5, Nasri 12, Van Persie 40)",Martin Atkinson,"36,138",White Hart Lane,5,3,0,0,0,0,Dawson,Arsene Wenger48,Sat  ,"Apr 23, 2011",Prem,West Bromwich Albion,(h),1-1,2,2,D,"Pavlyuchenko 27, Defoe 66 (Odemwingie 5, Cox 81)",Stuart Attwell,"36,160",White Hart Lane,5,12,0,0,0,0,Dawson,Roy Hodgson49,Sat  ,"Apr 30, 2011",Prem,Chelsea  ,(a),1-1,1,2,L,"Sandro 19 (Lampard 45, Kalou 89)",Andre Marriner,"41,681",Stamford Bridge,5,2,0,0,0,0,Dawson,Carlo Ancelotti50,Sat ,"May 7, 2011",Prem,Blackpool,(h),0-0,1,1,D,Defoe 89 (Adam 76p),Lee Probert,"35,585",White Hart Lane,6,18,0,0,1/s,0,Dawson,Ian Holloway51,Tue,"May 10, 2011",Prem,Manchester City ,(a),0-1,0,1,L,Crouch 30 og,Mike Dean,"47,029",City of Manchester Stadium,6,4,0,0,0,0,Dawson,Roberto Mancini52,Sun ,"May 15, 2011",Prem,Liverpool,(a),1-0,2,0,W,"Van der Vaart 9, Modric 56p",Howard Webb,"44,893",Anfield,5,6,1,0,0,0,Dawson,Kenny Dalglish53,Sun  ,"May 22, 2011",Prem,Birmingham City ,(h),0-0,2,1,W,"Pavlyuchenko 49, 90(+3), Gardner 79",Mark Clattenburg,"36,119",White Hart Lane,5,18,0,0,0,0,Dawson,Alex McLeish